{"mae": 0.03518481604296669, "rmse": 0.04689929313267106, "r2": 0.9578250952693145}