{"mae": 0.02677505737633958, "rmse": 0.03517691370463104, "r2": 0.9791785009703764}