{"mae": 0.04356045966165501, "rmse": 0.058530088544058556, "r2": 0.9589231831303549}