{"mae": 0.04385453041199094, "rmse": 0.05888931250353216, "r2": 0.9349310781732374}