{"mae": 0.044091250972576754, "rmse": 0.05769501063731748, "r2": 0.9060463838381396}