{"mae": 0.04421666346102908, "rmse": 0.057147276522483505, "r2": 0.9293229233839917}