{"mae": 0.05560064526625168, "rmse": 0.07330346251188707, "r2": 0.9064618073002868}