{"mae": 0.04372204490821395, "rmse": 0.0584287072222692, "r2": 0.9577691134235514}