{"mae": 0.028244764310823227, "rmse": 0.039621938254954844, "r2": 0.9774266191677857}