{"mae": 0.03913627268302781, "rmse": 0.04980632698079619, "r2": 0.9550448088523822}