{"mae": 0.03564401701803654, "rmse": 0.047478132700908074, "r2": 0.9610181846962934}