{"mae": 0.03738401469389326, "rmse": 0.0517398091590536, "r2": 0.9434793255188468}