{"mae": 0.04245678257337844, "rmse": 0.05427711804589929, "r2": 0.9361469622086583}