{"mae": 0.03305320599877989, "rmse": 0.0447845990240121, "r2": 0.9542246543774511}