{"mae": 0.038055516283792626, "rmse": 0.048380931378709024, "r2": 0.949137403745468}