{"mae": 0.040428225004742864, "rmse": 0.050709565047156846, "r2": 0.950490730144487}