{"mae": 0.02611315730787285, "rmse": 0.03429389047989186, "r2": 0.9808330352455347}