{"mae": 0.04301086523778103, "rmse": 0.05596359241376938, "r2": 0.9210389658678761}