{"mae": 0.050998088062699835, "rmse": 0.06464782481957575, "r2": 0.9216220466487769}