{"mae": 0.04788828486487309, "rmse": 0.06372904912181541, "r2": 0.941150428424749}