{"mae": 0.03792298085330159, "rmse": 0.05042074869441183, "r2": 0.9731266130901286}