{"mae": 0.04186030109790435, "rmse": 0.05533213959419515, "r2": 0.945565894859243}